Date,Type,Symbol,Qty,Cost,Total
8/8/2019,Compra,IRDM11,1.00000,125.00,125.00
8/8/2019,Compra,IRDM11,1.00000,125.39,125.39
8/8/2019,Venda,IRDM11,1.00000,125.50,125.50
8/13/2019,Venda,IRDM11,1.00000,125.85,125.85
9/12/2019,Compra,XPLG11,3.00000,102.50,307.50
9/13/2019,Compra,MALL11,3.00000,102.50,307.50
9/17/2019,Compra,XPLG11,1.00000,102.50,102.50
9/30/2019,Compra,HSML11,5.00000,102.65,513.25
10/1/2019,Compra,MALL11,1.00000,104.00,104.00
10/2/2019,Compra,VRTA11,1.00000,121.00,121.00
10/8/2019,Compra,VRTA11,5.00000,120.50,602.50
11/1/2019,Compra,HGCR11,5.00000,123.60,618.00
11/1/2019,Compra,MALL11,2.00000,102.30,204.60
11/6/2019,Compra,HGRU11,5.00000,114.90,574.50
11/25/2019,Compra,ALZR11,5.00000,115.30,576.50
11/25/2019,Compra,HSML11,9.00000,105.80,952.20
11/25/2019,Compra,RBRR11,5.00000,104.50,522.50
12/5/2019,Compra,HSML11,1.00000,113.00,113.00
12/11/2019,Compra,MALL11,3.00000,106.60,319.80
12/11/2019,Compra,RBRR11,3.00000,105.40,316.20
12/11/2019,Compra,RBRR11,1.00000,105.40,105.40
12/13/2019,Compra,VRTA11,1.00000,129.50,129.50
12/17/2019,Compra,RBRR11,8.00000,104.60,836.80
12/17/2019,Compra,ENBR3,8.00000,20.40,163.20
12/26/2019,Compra,WIZS3,30.00000,14.25,427.50
1/7/2020,Compra,ABCB4,10.00000,20.70,207.00
1/8/2020,Compra,ABCB4,7.00000,20.35,142.45
1/13/2020,Venda,ABCB4,17.00000,20.50,348.50
1/13/2020,Venda,ENBR3,3.00000,22.65,67.95
1/13/2020,Venda,ENBR3,5.00000,22.65,113.25
1/13/2020,Venda,WIZS3,23.00000,14.85,341.55
1/13/2020,Venda,WIZS3,1.00000,14.85,14.85
1/13/2020,Venda,WIZS3,6.00000,14.85,89.10
1/16/2020,Compra,HGRU11,8.00000,135.50,1084.00
1/20/2020,Compra,HSML11,10.00000,122.00,1220.00
1/20/2020,Compra,HSML11,1.00000,122.00,122.00
1/20/2020,Venda,HGCR11,4.00000,125.50,502.00
1/20/2020,Venda,HGCR11,1.00000,125.50,125.50
2/4/2020,Venda,HGRU11,6.00000,131.50,789.00
2/4/2020,Venda,HGRU11,6.00000,131.50,789.00
2/4/2020,Venda,HGRU11,1.00000,131.50,131.50
2/4/2020,Venda,XPLG11,2.00000,135.20,270.40
2/4/2020,Venda,XPLG11,2.00000,135.25,270.50
2/5/2020,Venda,MALL11,9.00000,119.00,1071.00
2/10/2020,Venda,RBRR11,3.00000,106.50,319.50
2/10/2020,Venda,RBRR11,5.00000,106.50,532.50
2/10/2020,Venda,RBRR11,5.00000,106.50,532.50
2/10/2020,Venda,RBRR11,4.00000,106.50,426.00
2/10/2020,Compra,MXRF11,300.00000,11.30,3390.00
2/11/2020,Venda,VRTA11,3.00000,131.00,393.00
2/11/2020,Venda,VRTA11,4.00000,131.00,524.00
2/14/2020,Venda,ALZR11,5.00000,130.50,652.50
2/17/2020,Compra,BCFF11,1.00000,97.00,97.00
2/17/2020,Compra,BCFF11,5.00000,97.00,485.00
2/17/2020,Compra,BCFF11,5.00000,97.00,485.00
2/17/2020,Compra,BCFF11,5.00000,97.00,485.00
2/17/2020,Compra,BCFF11,5.00000,97.00,485.00
2/17/2020,Compra,BCFF11,4.00000,97.00,388.00
3/4/2020,Compra,RECT11,15.00000,104.35,1565.25
3/12/2020,Compra,HSML11,1.00000,100.15,100.15
3/17/2020,Compra,HSML11,4.00000,85.70,342.80
3/17/2020,Compra,MXRF11,1.00000,9.90,9.90
3/18/2020,Compra,HSML11,1.00000,71.54,71.54
3/18/2020,Compra,HSML11,6.00000,71.54,429.24
3/26/2020,Compra,IRDM11,1.00000,99.50,99.50
3/26/2020,Compra,IRDM11,3.00000,99.50,298.50
3/31/2020,Compra,LEVE3,2.00000,17.40,34.80
3/31/2020,Compra,LEVE3,9.00000,17.40,156.60
3/31/2020,Compra,LEVE3,4.00000,17.40,69.60
3/31/2020,Compra,LEVE3,2.00000,17.40,34.80
4/3/2020,Compra,BBSE3,13.00000,22.50,292.50
4/7/2020,Compra,VRTA11,9.00000,103.20,928.80
4/7/2020,Venda,BBSE3,13.00000,25.43,330.59
4/7/2020,Venda,LEVE3,17.00000,17.50,297.50
4/9/2020,Compra,MXRF11,1.00000,9.64,9.64
4/9/2020,Compra,XPCM11,1.00000,49.48,49.48
4/15/2020,Compra,RECT11,1.00000,91.00,91.00
4/15/2020,Venda,XPCM11,1.00000,50.37,50.37
4/22/2020,Compra,RECT11,2.00000,91.30,182.60
4/22/2020,Compra,VINO11,1.00000,52.50,52.50
4/27/2020,Compra,RECT11,8.00000,88.67,709.36
4/27/2020,Compra,RECT11,5.00000,88.47,442.35
4/27/2020,Compra,RECT11,5.00000,88.46,442.30
4/27/2020,Compra,RECT11,4.00000,88.50,354.00
4/27/2020,Compra,VINO11,1.00000,50.44,50.44
4/27/2020,Venda,HSML11,3.00000,84.10,252.30
4/27/2020,Venda,IRDM11,4.00000,100.95,403.80
4/27/2020,Venda,MXRF11,10.00000,9.93,99.30
4/27/2020,Venda,MXRF11,10.00000,9.93,99.30
4/27/2020,Venda,MXRF11,2.00000,9.93,19.86
4/27/2020,Venda,VINO11,2.00000,50.16,100.32
4/27/2020,Venda,VRTA11,8.00000,111.53,892.24
4/27/2020,Venda,VRTA11,1.00000,111.55,111.55
5/6/2020,Compra,RECT11,10.00000,90.34,903.40
5/6/2020,Compra,RECT11,5.00000,90.34,451.70
5/6/2020,Venda,BCFF11,4.00000,85.97,343.88
5/6/2020,Venda,BCFF11,1.00000,85.98,85.98
5/6/2020,Venda,HSML11,9.00000,82.00,738.00
5/8/2020,Compra,MXRF11,4.00000,9.99,39.96
5/14/2020,Compra,RECT11,4.00000,88.40,353.60
5/15/2020,Compra,MXRF11,1.00000,10.00,10.00
5/18/2020,Compra,RECT11,1.00000,88.77,88.77
5/20/2020,Compra,EPR,1.00000,28.79,28.79
5/20/2020,Compra,EPR,0.02370,28.79,0.68
5/22/2020,Compra,EPR,0.59420,29.96,17.80
5/26/2020,Compra,EPR,0.55540,32.38,17.98
6/2/2020,Compra,EPR,5.00000,35.22,176.10
6/2/2020,Compra,EPR,0.36830,35.22,12.97
6/9/2020,Compra,EPR,0.02730,40.50,1.11
6/9/2020,Venda,RECT11,60.00000,99.00,5940.00
6/10/2020,Compra,CIM,2.00000,11.07,22.14
6/10/2020,Compra,CIM,0.94380,11.07,10.45
6/12/2020,Venda,CIM,2.94380,10.26,30.20
6/12/2020,Compra,EPR,30.14510,36.33,1095.17
6/15/2020,Compra,EPR,0.18910,35.20,6.66
6/15/2020,Compra,MXRF11,2.00000,10.85,21.70
6/15/2020,Compra,RECT11,13.00000,98.70,1283.10
6/15/2020,Compra,VRTA11,10.00000,106.00,1060.00
6/15/2020,Venda,BCFF11,4.00000,87.82,351.28
6/15/2020,Venda,BCFF11,1.00000,87.83,87.83
6/15/2020,Venda,BCFF11,2.00000,87.90,175.80
6/15/2020,Venda,BCFF11,11.00000,88.00,968.00
6/15/2020,Venda,BCFF11,1.00000,88.00,88.00
6/15/2020,Venda,BCFF11,1.00000,88.01,88.01
6/15/2020,Venda,HSML11,1.00000,89.58,89.58
6/15/2020,Venda,HSML11,5.00000,89.57,447.85
6/16/2020,Compra,MXRF11,2.00000,10.97,21.94
6/23/2020,Compra,MXRF11,2.00000,10.79,21.58
7/3/2020,Compra,VRTA11,4.00000,109.00,436.00
7/8/2020,Compra,MGP,1.07980,26.31,28.41
7/13/2020,Venda,MXRF11,10.00000,10.90,109.00
7/13/2020,Venda,MXRF11,20.00000,10.90,218.00
7/13/2020,Venda,MXRF11,21.00000,10.90,228.90
7/13/2020,Venda,MXRF11,30.00000,10.90,327.00
7/13/2020,Venda,MXRF11,4.00000,10.90,43.60
7/13/2020,Venda,MXRF11,6.00000,10.93,65.58
7/13/2020,Venda,RECT11,13.00000,99.63,1295.19
7/13/2020,Venda,VRTA11,14.00000,108.00,1512.00
7/15/2020,Compra,FRT,1.24580,79.98,99.64
7/15/2020,Compra,SVC,7.22080,6.87,49.61
7/15/2020,Compra,SPG,0.75860,65.57,49.74
7/15/2020,Compra,MAC,5.57750,8.91,49.70
7/15/2020,Compra,PK,4.99510,9.97,49.80
7/15/2020,Compra,O,1.06100,57.96,61.50
7/21/2020,Compra,FRT,1.20950,75.01,90.72
7/22/2020,Compra,MAC,0.64640,7.97,5.15
7/22/2020,Compra,MAC,4.00000,7.97,31.88
7/23/2020,Compra,FRT,0.43020,74.31,31.97
8/4/2020,Compra,TAEE11,1.00000,28.68,28.68
8/4/2020,Compra,TAEE11,5.00000,28.68,143.40
8/4/2020,Compra,TAEE11,9.00000,28.68,258.12
8/4/2020,Compra,WIZS3,20.00000,10.08,201.60
8/12/2020,Compra,MYPK3,15.00000,13.29,199.35
8/12/2020,Compra,MYPK3,14.00000,13.50,189.00
8/12/2020,Compra,MYPK3,23.00000,13.50,310.50
8/12/2020,Venda,WIZS3,10.00000,10.38,103.80
8/12/2020,Venda,WIZS3,10.00000,10.38,103.80
8/13/2020,Compra,MYPK3,7.00000,13.13,91.91
8/14/2020,Compra,MYPK3,1.00000,12.82,12.82
8/19/2020,Compra,SAPR4,72.00000,5.50,396.00
8/19/2020,Compra,SAPR4,15.00000,5.50,82.50
8/20/2020,Compra,ALUP11,11.00000,23.39,257.29
8/20/2020,Compra,VIVT3,5.00000,48.80,244.00
8/20/2020,Venda,VIVT3,5.00000,48.78,243.90
8/26/2020,Compra,MYPK3,10.00000,11.94,119.40
9/2/2020,Compra,MYPK3,18.00000,11.50,207.00
9/2/2020,Compra,MYPK3,10.00000,11.50,115.00
9/2/2020,Compra,MYPK3,3.00000,11.50,34.50
9/2/2020,Compra,MYPK3,14.00000,11.50,161.00
9/10/2020,Venda,SVC,1.17000,8.58,10.04
9/10/2020,Compra,MAC,1.47140,7.79,11.46
9/11/2020,Compra,PETZ3,18.00000,14.20,255.60
9/11/2020,Compra,PETZ3,12.00000,14.20,170.40
9/11/2020,Compra,SAPR4,14.00000,5.35,74.90
9/18/2020,Compra,ITSA4,37.00000,9.10,336.70
9/22/2020,Venda,MGP,1.07980,27.93,30.16
9/22/2020,Venda,SVC,6.05080,7.46,45.14
9/22/2020,Compra,MAC,10.98310,6.84,75.12
9/28/2020,Venda,O,1.06100,61.60,65.36
9/28/2020,Venda,PK,4.99510,10.25,51.20
9/28/2020,Venda,SPG,0.75860,65.84,49.95
9/28/2020,Compra,AMC,34.88650,4.74,165.36
9/28/2020,Venda,AMC,34.88650,4.77,166.41
10/5/2020,Venda,MYPK3,100.00000,14.50,1450.00
10/5/2020,Venda,FRT,2.88550,78.36,226.11
10/6/2020,Compra,EPR,16.00000,24.60,393.60
10/6/2020,Venda,MYPK3,15.00000,14.90,223.50
10/7/2020,Compra,ITSA4,100.00000,8.90,890.00
10/8/2020,Venda,SAPR4,100.00000,5.15,515.00
10/8/2020,Venda,ALUP11,11.00000,23.42,257.62
10/8/2020,Venda,PETZ3,5.00000,14.25,71.25
10/8/2020,Venda,PETZ3,2.00000,14.25,28.50
10/8/2020,Venda,PETZ3,1.00000,14.25,14.25
10/8/2020,Venda,PETZ3,16.00000,14.25,228.00
10/8/2020,Venda,PETZ3,1.00000,14.25,14.25
10/8/2020,Venda,PETZ3,1.00000,14.25,14.25
10/8/2020,Venda,PETZ3,4.00000,14.25,57.00
10/8/2020,Venda,SAPR4,1.00000,5.15,5.15
10/8/2020,Compra,PETZ3,40.00000,14.05,562.00
10/9/2020,Compra,RECT11,10.00000,96.40,964.00
10/13/2020,Venda,HSML11,20.00000,94.00,1880.00
10/13/2020,Venda,MXRF11,200.00000,10.65,2130.00
10/13/2020,Venda,TAEE11,10.00000,28.00,280.00
10/13/2020,Venda,TAEE11,5.00000,28.00,140.00
10/13/2020,Compra,ALUP11,20.00000,22.85,457.00
10/13/2020,Compra,ALUP11,30.00000,22.98,689.40
10/14/2020,Compra,RANI3,100.00000,6.95,695.00
10/14/2020,Compra,BBDC4,10.00000,20.95,209.50
10/14/2020,Compra,BBDC4,29.00000,20.95,607.55
10/14/2020,Compra,BBDC4,5.00000,20.95,104.75
10/14/2020,Compra,BBDC4,2.00000,20.95,41.90
10/14/2020,Compra,BBDC4,4.00000,20.95,83.80
10/14/2020,Compra,ITSA4,34.00000,9.30,316.20
10/14/2020,Compra,ITSA4,25.00000,9.30,232.50
10/14/2020,Compra,ITSA4,4.00000,9.30,37.20
10/14/2020,Compra,LREN3,5.00000,38.97,194.85
10/14/2020,Compra,LREN3,10.00000,39.00,390.00
10/14/2020,Venda,MAC,22.67840,7.19,163.06
10/14/2020,Compra,EPR,7.25350,21.06,152.76
10/15/2020,Compra,COGN3,100.00000,5.02,502.00
10/15/2020,Compra,ITSA4,100.00000,9.15,915.00
10/19/2020,Compra,SAPR4,200.00000,5.14,1028.00
10/20/2020,Compra,CVCB3,40.00000,15.50,620.00
10/26/2020,Compra,C1CL34,8.00000,78.00,624.00
10/27/2020,Compra,MYPK3,45.00000,14.00,630.00
10/30/2020,Compra,SAPR4,100.00000,4.75,475.00
10/30/2020,Compra,STBP3,100.00000,3.84,384.00
10/30/2020,Compra,AMC,5.27810,2.40,12.67
11/5/2020,Compra,CASH3,100.00000,9.60,960.00
11/5/2020,Venda,C1CL34,8.00000,78.00,624.00
11/5/2020,Venda,SAPR4,100.00000,5.05,505.00
11/9/2020,Venda,AMC,5.27810,4.06,21.43
11/10/2020,Compra,XP,0.55220,38.94,21.50
11/16/2020,Venda,XP,0.55220,39.97,22.07
11/16/2020,Venda,STBP3,100.00000,4.40,440.00
11/16/2020,Venda,LREN3,15.00000,47.00,705.00
11/16/2020,Venda,MYPK3,45.00000,14.20,639.00
11/16/2020,Venda,PETZ3,40.00000,19.30,772.00
11/23/2020,Venda,EPR,61.00000,37.60,2293.60
11/23/2020,Venda,EPR,0.15660,37.53,5.88
11/23/2020,Compra,TFCO4,100.00000,11.00,1100.00
11/23/2020,Venda,COGN3,100.00000,5.18,518.00
11/23/2020,Venda,RANI3,100.00000,7.00,700.00
11/23/2020,Compra,IGTA3,30.00000,33.50,1005.00
11/23/2020,Compra,PNVL3,50.00000,22.00,1100.00
11/23/2020,Compra,RLOG3,15.00000,17.00,255.00
11/24/2020,Compra,VRTA11,20.00000,108.00,2160.00
11/24/2020,Venda,SAPR4,200.00000,5.01,1002.00
11/24/2020,Venda,RLOG3,15.00000,17.30,259.50
11/25/2020,Compra,RECT11,10.00000,93.98,939.80
11/30/2020,Compra,WIZS3,100.00000,9.00,900.00
11/30/2020,Compra,MDIA3,30.00000,32.60,978.00
11/30/2020,Compra,RLOG3,9.00000,17.12,154.08
11/30/2020,Compra,RLOG3,61.00000,17.12,1044.32
11/30/2020,Compra,SULA11,25.00000,43.30,1082.50
11/30/2020,Compra,AMC,91.12580,4.24,386.37
12/3/2020,Compra,AMC,4.24500,4.05,17.19
12/8/2020,Compra,RECT11,1.00000,94.11,94.11
12/16/2020,Compra,VIVT3,25.00000,45.50,1137.50
12/18/2020,Compra,XPLG11,10.00000,120.70,1207.00
12/21/2020,Compra,XPLG11,10.00000,120.40,1204.00
12/21/2020,Venda,CASH3,100.00000,15.45,1545.00
12/22/2020,Compra,WIZS3,39.00000,8.18,319.02
12/22/2020,Compra,WIZS3,1.00000,8.18,8.18
12/28/2020,Compra,AMC,0.50160,2.44,1.22
1/5/2021,Compra,BBSE3,45.00000,28.75,1293.75
1/5/2021,Compra,WIZS3,40.00000,7.75,310.00
1/5/2021,Venda,BBDC4,50.00000,25.99,1299.50
1/13/2021,Compra,CVCB3,13.00000,19.30,250.90
1/13/2021,Compra,CVCB3,7.00000,19.30,135.10
1/13/2021,Compra,LEVE3,25.00000,20.24,506.00
1/21/2021,Compra,ELET3,15.00000,32.00,480.00
1/21/2021,Compra,MYPK3,40.00000,14.59,583.60
1/21/2021,Compra,SULA11,10.00000,40.50,405.00
1/21/2021,Compra,SULA11,5.00000,40.50,202.50
1/21/2021,Compra,WIZS3,50.00000,7.65,382.50
1/22/2021,Compra,ELET3,15.00000,30.20,453.00
1/22/2021,Compra,LEVE3,15.00000,19.00,285.00
1/22/2021,Compra,LEVE3,5.00000,19.00,95.00
1/25/2021,Venda,AMC,95.87240,4.50,431.43
1/26/2021,Compra,ELET3,20.00000,27.30,546.00
2/2/2021,Venda,RLOG3,10.00000,19.65,196.50
2/2/2021,Venda,RLOG3,30.00000,19.65,589.50
2/2/2021,Venda,RLOG3,30.00000,19.65,589.50
2/9/2021,Compra,MYPK3,40.00000,13.85,554.00
2/9/2021,Compra,SULA11,10.00000,38.90,389.00
2/17/2021,Compra,PNVL3,20.00000,19.85,397.00
2/18/2021,Compra,SULA11,15.00000,37.50,562.50
2/18/2021,Compra,WIZS3,17.00000,6.90,117.30
2/18/2021,Compra,WIZS3,53.00000,6.90,365.70
2/22/2021,Compra,BBAS3,20.00000,28.85,577.00
2/22/2021,Compra,BBAS3,20.00000,29.00,580.00
2/22/2021,Compra,CCRO3,10.00000,11.35,113.50
2/22/2021,Compra,CCRO3,40.00000,11.50,460.00
2/22/2021,Compra,ELET3,20.00000,26.70,534.00
2/22/2021,Compra,LEVE3,20.00000,18.10,362.00
2/22/2021,Compra,MYPK3,25.00000,13.00,325.00
2/22/2021,Compra,PNVL3,6.00000,18.80,112.80
2/22/2021,Compra,PNVL3,14.00000,18.80,263.20
2/22/2021,Compra,SULA11,10.00000,35.80,358.00
2/25/2021,Compra,SULA11,15.00000,35.50,532.50
2/26/2021,Compra,POMO3,300.00000,2.45,735.00
2/26/2021,Compra,MDIA3,10.00000,28.70,287.00
2/26/2021,Compra,SULA11,15.00000,33.30,499.50
3/1/2021,Compra,POMO3,200.00000,2.40,480.00
3/1/2021,Venda,TFCO4,100.00000,13.25,1325.00
3/1/2021,Compra,BBSE3,15.00000,25.15,377.25
3/1/2021,Compra,CCRO3,24.00000,11.00,264.00
3/1/2021,Compra,CCRO3,6.00000,11.00,66.00
3/1/2021,Compra,LEVE3,40.00000,17.15,686.00
3/1/2021,Compra,MYPK3,20.00000,12.50,250.00
3/1/2021,Compra,PNVL3,15.00000,18.70,280.50
3/2/2021,Venda,VRTA11,10.00000,114.40,1144.00
3/2/2021,Venda,VRTA11,5.00000,114.40,572.00
3/2/2021,Venda,VRTA11,5.00000,114.40,572.00
3/2/2021,Compra,IGTA3,15.00000,29.50,442.50
3/3/2021,Compra,ALSO3,15.00000,22.05,330.75
3/3/2021,Compra,B3SA3,18.00000,17.77,319.80
3/3/2021,Compra,CVCB3,4.00000,14.60,58.40
3/3/2021,Compra,CVCB3,20.00000,14.60,292.00
3/3/2021,Compra,CVCB3,1.00000,14.60,14.60
3/3/2021,Compra,MDIA3,10.00000,28.00,280.00
3/5/2021,Compra,GMAT3,100.00000,7.50,750.00
3/8/2021,Compra,TAEE11,40.00000,31.85,1274.00
3/8/2021,Compra,TAEE11,35.00000,31.85,1114.75
3/8/2021,Venda,ELET3,56.00000,31.91,1786.96
3/8/2021,Venda,ELET3,14.00000,31.95,447.30
3/10/2021,Venda,XPLG11,14.00000,116.47,1630.58
3/10/2021,Venda,XPLG11,6.00000,116.47,698.82
3/11/2021,Compra,ESPA3,20.00000,17.30,346.00
3/11/2021,Compra,TOTS3,15.00000,27.50,412.50
3/16/2021,Compra,MEAL3,100.00000,3.35,335.00
3/16/2021,Venda,TOTS3,15.00000,29.07,436.05
3/17/2021,Venda,MEAL3,100.00000,3.57,357.00
3/18/2021,Compra,MXRF11,100.00000,10.30,1030.00
3/19/2021,Compra,MYPK3,30.00000,12.20,366.00
3/22/2021,Compra,Trend Cannabis,1.00000,500.00,500.00
3/23/2021,Compra,MXRF11,30.00000,10.30,309.00
3/23/2021,Compra,MXRF11,20.00000,10.30,206.00
3/23/2021,Venda,ESPA3,20.00000,17.40,348.00
4/1/2021,Compra,MCCI11,16.00000,102.95,1647.20
4/1/2021,Venda,MXRF11,150.00000,10.32,1548.00
4/1/2021,Compra,SULA11,6.00000,0.00,0.00
4/16/2021,Compra,BBSE3,30.00000,23.65,709.50
4/16/2021,Venda,LEVE3,25.00000,26.65,666.25
4/19/2021,Compra,ITSA4,100.00000,10.15,1015.00
4/19/2021,Compra,RECT11,5.00000,84.40,422.00
4/19/2021,Compra,BBAS3,40.00000,29.65,1186.00
4/19/2021,Compra,BBSE3,30.00000,23.65,709.50
4/27/2021,Venda,WIZS3,100.00000,10.30,1030.00
4/28/2021,Compra,RECT11,10.00000,81.30,813.00
4/28/2021,Compra,EGIE3,25.00000,41.40,1035.00
4/28/2021,Compra,EGIE3,5.00000,41.40,207.00
4/28/2021,Venda,LEVE3,30.00000,28.30,849.00
5/4/2021,Compra,ITSA4,100.00000,9.95,995.00
5/4/2021,Compra,MCCI11,2.00000,102.95,205.90
5/4/2021,Venda,WIZS3,100.00000,11.70,1170.00
5/4/2021,Compra,BBSE3,25.00000,22.09,552.25
5/4/2021,Compra,MDIA3,20.00000,25.95,519.00
5/10/2021,Compra,RECT11,4.00000,76.53,306.12
5/10/2021,Compra,RECT11,5.00000,76.53,382.65
5/10/2021,Venda,CVCB3,25.00000,25.65,641.25
5/12/2021,Compra,EGIE3,10.00000,38.70,387.00
5/17/2021,Compra,HASH11,15.00000,47.80,717.00
5/21/2021,Compra,HASH11,10.00000,37.50,375.00
5/24/2021,Venda,ALSO3,10.00000,28.60,286.00
5/24/2021,Venda,ALSO3,5.00000,28.60,143.00
6/2/2021,Compra,B3SA3,5.00000,16.90,84.50
6/2/2021,Compra,B3SA3,9.00000,16.90,152.10
6/4/2021,Venda,LEVE3,30.00000,33.05,991.50
6/8/2021,Compra,BABA34,10.00000,39.44,394.40
6/8/2021,Compra,HASH11,10.00000,32.14,321.40
6/8/2021,Compra,B3SA3,2.00000,16.37,32.74
6/8/2021,Compra,B3SA3,28.00000,16.37,458.36
6/8/2021,Compra,B3SA3,30.00000,17.00,510.00
6/8/2021,Venda,CVCB3,30.00000,28.60,858.00
6/8/2021,Compra,Trend Cannabis,1.00000,500.00,500.00
6/10/2021,Compra,B3SA3,22.00000,15.86,348.92
6/10/2021,Venda,LEVE3,10.00000,35.68,356.80
6/10/2021,Venda,LEVE3,10.00000,35.68,356.80
6/14/2021,Compra,BERK34,5.00000,72.10,360.50
6/23/2021,Venda,WIZS3,100.00000,16.00,1600.00
6/25/2021,Compra,CPLE6,100.00000,6.16,616.00
6/25/2021,Compra,GMAT3,100.00000,7.90,790.00
6/25/2021,Compra,RECR11,5.00000,100.30,501.50
6/25/2021,Compra,VIVT3,10.00000,43.36,433.60
6/28/2021,Compra,MCCI11,5.00000,96.00,480.00
6/28/2021,Compra,RBRP11,5.00000,74.15,370.75
6/28/2021,Venda,CVCB3,30.00000,28.96,868.80
7/1/2021,Compra,AAPL34,5.00000,67.85,339.25
7/1/2021,Compra,VIVT3,4.00000,41.40,165.60
7/1/2021,Compra,VIVT3,6.00000,41.40,248.40
7/2/2021,Compra,GOLD11,35.00000,9.58,335.30
7/5/2021,Compra,BERK34,4.00000,70.70,282.80
7/5/2021,Compra,BERK34,1.00000,70.70,70.70
7/8/2021,Compra,BABA34,10.00000,38.05,380.50
7/27/2021,Compra,BABA34,10.00000,33.95,339.50
7/30/2021,Compra,AMZO34,10.19108,42.39,432.00
7/30/2021,Compra,BBSE3,15.00000,21.45,321.75
7/30/2021,Compra,SULA11,10.00000,30.04,300.40
8/2/2021,Venda,IGTA3,30.00000,41.91,1257.30
9/8/2021,Compra,B3SA3,30.00000,13.44,403.20
9/17/2021,Compra,GMAT3,100.00000,6.60,660.00
9/17/2021,Compra,RECR11,5.00000,104.80,524.00
9/17/2021,Compra,EGIE3,15.00000,38.60,579.00
9/17/2021,Compra,EZTC3,3.00000,25.46,76.38
9/17/2021,Compra,EZTC3,16.00000,25.46,407.36
9/17/2021,Compra,EZTC3,1.00000,25.46,25.46
9/17/2021,Compra,PNVL3,30.00000,15.96,478.80
9/20/2021,Compra,BBSE3,20.00000,18.80,376.00
9/21/2021,Compra,BABA34,15.00000,28.30,424.50
9/29/2021,Compra,EZTC3,15.00000,23.18,347.70
9/29/2021,Compra,MRVE3,50.00000,12.56,628.00
10/4/2021,Compra,BABA34,10.00000,26.98,269.80
10/4/2021,Compra,EZTC3,5.00000,23.00,115.00
10/4/2021,Compra,EZTC3,5.00000,23.00,115.00
10/4/2021,Compra,IGTA3,5.00000,31.39,156.95
10/4/2021,Compra,SULA11,10.00000,25.30,253.00
10/4/2021,Venda,B3SA3,18.00000,12.54,225.72
10/4/2021,Venda,B3SA3,1.00000,12.54,12.54
10/4/2021,Venda,B3SA3,1.00000,12.54,12.54
10/5/2021,Compra,B3SA3,30.00000,12.45,373.50
10/19/2021,Compra,EZTC3,25.00000,22.35,558.75
10/19/2021,Compra,MRVE3,50.00000,11.80,590.00
10/19/2021,Compra,PNVL3,25.00000,13.84,346.00
10/21/2021,Compra,IGTA3,10.00000,30.65,306.50
10/21/2021,Compra,MOVI3,20.00000,15.85,317.00
10/21/2021,Compra,PETZ3,6.00000,19.76,118.56
10/21/2021,Compra,PETZ3,4.00000,19.76,79.04
10/22/2021,Compra,CCRO3,11.00000,11.10,122.10
10/22/2021,Compra,CCRO3,19.00000,11.10,210.90
10/22/2021,Compra,EGIE3,10.00000,37.74,377.40
10/22/2021,Compra,IGTA3,3.00000,28.12,84.36
10/22/2021,Compra,IGTA3,9.00000,28.12,253.08
10/22/2021,Compra,PNVL3,25.00000,11.74,293.50
10/27/2021,Venda,RBRP11,5.00000,74.13,370.65
11/1/2021,Compra,CCRO3,40.00000,11.16,446.40
11/1/2021,Compra,MOVI3,50.00000,14.88,744.00
11/4/2021,Venda,HASH11,15.00000,64.06,960.90
11/4/2021,Venda,PETZ3,10.00000,21.05,210.50
11/11/2021,Compra,VIIA3,100.00000,6.20,620.00
11/11/2021,Venda,HASH11,7.00000,65.39,457.73
11/12/2021,Compra,WIZS3,100.00000,8.71,871.00
11/12/2021,Compra,RAIL3,50.00000,16.75,837.50
11/16/2021,Compra,HGRU11,1.00000,108.90,108.90
11/16/2021,Compra,HGRU11,1.00000,108.90,108.90
11/16/2021,Compra,HGRU11,3.00000,108.90,326.70
11/16/2021,Compra,HTMX11,10.00000,92.30,923.00
11/16/2021,Compra,MALL11,5.00000,86.15,430.75
11/16/2021,Compra,BRAP4,10.00000,23.66,236.60
11/16/2021,Compra,MGLU3,46.00000,9.90,455.40
11/16/2021,Compra,MGLU3,4.00000,9.90,39.60
11/17/2021,Compra,DISB34,8.00000,58.21,465.68
11/17/2021,Compra,DISB34,1.00000,58.21,58.21
11/17/2021,Compra,DISB34,1.00000,58.21,58.21
11/17/2021,Compra,XPBR31,5.00000,172.50,862.50
11/18/2021,Compra,BABA34,20.00000,29.95,599.00
11/18/2021,Compra,BRAP4,6.00000,21.71,130.26
11/18/2021,Compra,BRAP4,4.00000,21.71,86.84
11/19/2021,Compra,DISB34,10.00000,56.70,567.00
11/22/2021,Compra,XPBR31,4.00000,161.00,644.00
11/22/2021,Compra,XPBR31,2.00000,161.00,322.00
11/23/2021,Compra,BABA34,10.00000,26.82,268.20
11/23/2021,Compra,BABA34,10.00000,26.82,268.20
11/23/2021,Compra,BTLG11,1.00000,100.76,100.76
11/23/2021,Compra,BTLG11,4.00000,100.76,403.04
11/23/2021,Compra,PVBI11,1.00000,80.27,80.27
11/23/2021,Compra,PVBI11,2.00000,80.27,160.54
11/23/2021,Compra,PVBI11,1.00000,80.27,80.27
11/23/2021,Compra,PVBI11,1.00000,80.27,80.27
11/23/2021,Compra,PVBI11,1.00000,80.27,80.27
11/23/2021,Compra,PVBI11,1.00000,80.27,80.27
11/23/2021,Compra,RBRP11,10.00000,67.33,673.30
11/23/2021,Compra,EZTC3,30.00000,17.99,539.70
11/23/2021,Venda,IGTA3,42.00000,30.56,1283.52
11/23/2021,Compra,IGTI11,60.00000,19.14,1148.46
11/24/2021,Compra,BTLG11,6.00000,98.10,588.60
11/24/2021,Compra,ALSO3,20.00000,21.55,431.00
11/24/2021,Compra,PETZ3,25.00000,17.65,441.25
11/25/2021,Compra,HGRU11,5.00000,103.14,515.70
11/26/2021,Compra,M1TA34,5.00000,66.90,334.50
11/29/2021,Compra,GMAT3,100.00000,5.95,595.00
11/29/2021,Compra,DISB34,10.00000,54.11,541.10
11/30/2021,Compra,ALSO3,20.00000,19.95,399.00
11/30/2021,Compra,B3SA3,46.00000,11.05,508.30
12/1/2021,Compra,M1TA34,8.00000,65.90,527.20
12/1/2021,Compra,MELI34,10.00000,55.68,556.80
12/2/2021,Compra,CVCB3,9.00000,13.14,118.26
12/2/2021,Compra,CVCB3,31.00000,13.15,407.65
12/2/2021,Compra,MGLU3,50.00000,6.60,330.00
12/2/2021,Compra,PNVL3,50.00000,11.99,599.50
12/2/2021,Compra,M1TA34,10.00000,62.20,622.00
12/3/2021,Compra,BABA34,25.00000,22.50,562.50
12/7/2021,Compra,ALSO3,25.00000,20.63,515.75
12/7/2021,Compra,ATTB34,15.00000,43.50,652.50
12/7/2021,Compra,VERZ34,10.00000,47.60,476.00
12/7/2021,Compra,Trend Cannabis,1.00000,500.00,500.00
12/8/2021,Compra,BTLG11,5.00000,102.25,511.25
12/8/2021,Compra,KHCB34,10.00000,46.85,468.50
12/8/2021,Compra,MCCI11,5.00000,101.99,509.95
12/8/2021,Compra,VERZ34,10.00000,46.70,467.00
12/9/2021,Compra,MELI34,10.00000,53.40,534.00
12/9/2021,Compra,RECR11,6.00000,97.30,583.80
12/9/2021,Compra,VILG11,6.00000,91.50,549.00
12/9/2021,Compra,RECR11,4.00000,98.00,392.00
12/15/2021,Compra,ITSA4,100.00000,9.67,967.00
12/15/2021,Compra,ELET6,15.00000,30.85,462.75
12/15/2021,Compra,ELET6,9.00000,30.15,271.35
12/15/2021,Compra,ELET6,6.00000,30.15,180.90
12/16/2021,Compra,VIIA3,100.00000,4.93,493.00
12/16/2021,Compra,AIRB34,10.00000,44.35,443.50
12/16/2021,Compra,MCCI11,5.00000,98.91,494.55
12/17/2021,Venda,ELET6,30.00000,33.10,993.00
12/20/2021,Compra,ITSA4,30.00000,0.00,0.00
12/22/2021,Compra,HTMX11,2.00000,88.40,176.80
12/23/2021,Compra,PETZ3,18.00000,16.77,301.86
1/4/2022,Compra,AMZO34,12.73885,47.38,603.55
1/4/2022,Compra,XPBR31,5.00000,161.50,807.50
1/4/2022,Compra,BLAU3,15.00000,32.60,489.00
1/4/2022,Compra,CVCB3,50.00000,12.40,620.00
1/4/2022,Compra,IGTI11,30.00000,16.25,487.50
1/4/2022,Compra,PETZ3,35.00000,15.12,529.20
1/7/2022,Compra,MOVI3,30.00000,13.80,414.00
1/11/2022,Compra,MDIA3,15.00000,22.92,343.80
1/11/2022,Compra,SULA11,20.00000,22.70,454.00
1/12/2022,Venda,ALUP11,30.00000,23.70,711.00
1/12/2022,Venda,POMO3,500.00000,2.60,1300.00
1/13/2022,Venda,ALUP11,20.00000,23.70,474.00
1/13/2022,Venda,CPLE6,100.00000,6.21,621.00
1/17/2022,Compra,AMZO34,15.28662,44.65,682.56
1/17/2022,Compra,DISB34,10.00000,55.67,556.70
1/17/2022,Venda,BRAP4,20.00000,27.51,550.20
1/17/2022,Compra,EGIE3,15.00000,38.70,580.50
1/21/2022,Compra,NFLX34,12.00000,43.71,524.52
1/21/2022,Compra,HASH11,15.00000,38.40,576.00
1/21/2022,Compra,M1TA34,5.00000,60.11,300.55
1/21/2022,Compra,AMZO34,12.73885,39.75,506.35
1/21/2022,Compra,M1TA34,3.00000,60.13,180.39
1/24/2022,Compra,AMZO34,5.09554,37.40,190.58
1/24/2022,Compra,NFLX34,10.00000,38.95,389.50
2/1/2022,Compra,ATTB34,10.00000,42.40,424.00
2/2/2022,Compra,AMZO34,7.64331,40.43,309.00
2/2/2022,Compra,DISB34,6.00000,50.63,303.78
2/2/2022,Compra,M1TA34,6.00000,61.25,367.50
2/2/2022,Compra,HASH11,14.00000,36.36,509.04
2/2/2022,Compra,VERZ34,7.00000,47.56,332.92
2/3/2022,Compra,AMZO34,10.19108,36.90,376.00
2/3/2022,Compra,M1TA34,10.00000,45.00,450.00
2/14/2022,Compra,M1TA34,8.00000,40.16,321.28
2/24/2022,Compra,BABA34,20.00000,18.50,370.00
3/2/2022,Compra,BIEF39,10.00000,44.00,440.00
3/3/2022,Venda,AAPL34,5.00000,84.58,422.90
3/3/2022,Compra,BTLG11,10.00000,102.60,1026.00
3/3/2022,Compra,HGRU11,10.00000,111.95,1119.50
3/3/2022,Compra,VILG11,10.00000,101.85,1018.50
3/3/2022,Compra,EGIE3,15.00000,39.93,598.95
3/3/2022,Compra,BBSE3,25.00000,22.95,573.75
3/3/2022,Compra,VERZ34,18.00000,45.67,822.06
3/3/2022,Compra,M1TA34,22.00000,37.41,823.02
3/3/2022,Compra,NFLX34,16.00000,38.29,612.64
3/3/2022,Compra,AMZO34,12.73885,38.28,487.70
3/3/2022,Compra,XPBR31,4.00000,161.75,647.00
3/3/2022,Compra,DEFI11,10.00000,42.50,425.00
3/3/2022,Venda,KHCB34,10.00000,49.50,495.00
3/3/2022,Compra,DISB34,16.00000,49.60,793.60
3/3/2022,Compra,ALSO3,28.00000,22.00,616.00
3/3/2022,Compra,EZTC3,34.00000,17.70,601.80
3/3/2022,Compra,BLAU3,21.00000,29.60,621.60
3/4/2022,Compra,BLAU3,22.00000,27.72,609.84
3/11/2022,Compra,BABA34,20.00000,16.23,324.60
3/11/2022,Compra,M1TA34,10.00000,33.95,339.50
3/23/2022,Compra,HGRU11,5.00000,109.98,549.90
3/23/2022,Compra,BTLG11,10.00000,103.19,1031.90
3/23/2022,Compra,MCCI11,5.00000,100.10,500.50
3/23/2022,Venda,MALL11,5.00000,99.77,498.85
3/23/2022,Venda,PVBI11,7.00000,88.60,620.20
3/23/2022,Venda,VILG11,3.00000,98.15,294.45
3/23/2022,Venda,RECT11,5.00000,63.28,316.40
3/23/2022,Compra,MCCI11,3.00000,99.85,299.55
3/31/2022,Compra,VERZ34,7.00000,40.60,284.20
4/6/2022,Compra,S2NW34,20.00000,24.70,494.00
4/12/2022,Compra,AMZO34,15.28662,35.33,540.00
4/12/2022,Compra,BABA34,30.00000,16.71,501.30
4/12/2022,Compra,EZTC3,30.00000,16.91,507.30
4/19/2022,Compra,S2NW34,10.00000,22.50,225.00
4/20/2022,Venda,RBRP11,10.00000,67.74,677.40
4/20/2022,Compra,NFLX34,35.00000,21.00,735.00
4/29/2022,Compra,AMZO34,17.83439,31.01,553.00
4/29/2022,Compra,VERZ34,15.00000,38.80,582.00
5/2/2022,Venda,RECR11,20.00000,100.88,2017.60
5/2/2022,Compra,BLAU3,15.00000,24.60,369.00
5/2/2022,Compra,BTLG11,5.00000,103.00,515.00
5/2/2022,Compra,VGIP11,30.00000,99.00,2970.00
5/2/2022,Compra,PNVL3,25.00000,11.50,287.50
5/2/2022,Compra,XPBR31,4.00000,121.30,485.20
5/2/2022,Compra,MRVE3,30.00000,10.13,303.90
5/2/2022,Compra,EZTC3,20.00000,15.60,312.00
5/2/2022,Compra,GMAT3,70.00000,4.60,322.00
5/2/2022,Compra,PVBI11,5.00000,93.80,469.00
5/4/2022,Compra,XPBR31,7.00000,97.00,679.00
5/4/2022,Compra,MELI34,15.00000,38.97,584.55
5/18/2022,Compra,DISB34,15.00000,34.86,522.90
6/3/2022,Compra,BTLG11,5.00000,101.95,509.75
6/3/2022,Compra,ALSO3,16.00000,18.78,300.48
6/3/2022,Compra,EZTC3,19.00000,16.20,307.80
6/3/2022,Compra,EGIE3,8.00000,42.36,338.88
6/3/2022,Compra,BLAU3,13.00000,23.70,308.10
6/3/2022,Compra,VERZ34,13.00000,40.63,528.19
6/3/2022,Compra,DISB34,15.00000,34.63,519.45
6/3/2022,Compra,HGRU11,5.00000,118.56,592.80
6/3/2022,Compra,PVBI11,6.00000,95.80,574.80
6/3/2022,Compra,M1TA34,12.00000,32.78,393.36
6/3/2022,Compra,S2NW34,19.00000,15.75,299.25
6/3/2022,Compra,HTMX11,2.00000,77.50,155.00
6/20/2022,Compra,BTLG11,1.00000,101.00,101.00
7/1/2022,Compra,PVBI11,6.00000,91.28,547.68
7/1/2022,Compra,VILG11,6.00000,95.10,570.60
7/1/2022,Compra,ITSA4,70.00000,8.27,578.90
7/1/2022,Compra,PETZ3,30.00000,9.75,292.50
7/1/2022,Compra,HASH11,30.00000,16.94,508.20
7/1/2022,Compra,NFLX34,20.00000,18.60,372.00
7/1/2022,Compra,HGRU11,8.00000,117.28,938.24
7/4/2022,Compra,VGIP11,6.00000,98.15,588.90
7/4/2022,Compra,DISB34,15.00000,33.48,502.20
7/4/2022,Compra,VERZ34,10.00000,44.80,448.00
7/5/2022,Compra,CVCB3,100.00000,6.47,647.00
7/5/2022,Compra,MCCI11,1.00000,97.50,97.50
7/22/2022,Compra,VGIP11,5.00000,96.85,484.25
8/1/2022,Compra,TRXF11,5.00000,102.96,514.80
8/9/2022,Compra,SNAG11,10.00000,100.00,1000.00
8/9/2022,Compra,VGIP11,6.00000,96.00,576.00
8/9/2022,Compra,MCCI11,5.00000,97.75,488.75
8/9/2022,Compra,TRXF11,10.00000,103.20,1032.00
8/10/2022,Compra,VGIP11,5.00000,94.39,471.95
8/11/2022,Compra,VGIP11,4.00000,90.90,363.60
8/11/2022,Venda,GOLD11,35.00000,9.75,341.25
8/12/2022,Compra,TRXF11,4.00000,101.46,405.84
8/22/2022,Venda,MDIA3,10.00000,41.66,416.60
9/2/2022,Compra,BTLG11,10.00000,103.10,1031.00
9/2/2022,Compra,VERZ34,20.00000,36.30,726.00
9/2/2022,Compra,ALSO3,50.00000,18.20,910.00
9/2/2022,Compra,PNVL3,50.00000,12.30,615.00
9/2/2022,Compra,MOVI3,50.00000,14.50,725.00
9/5/2022,Compra,SNAG11,8.00000,100.25,802.00
9/12/2022,Compra,SNAG11,6.00000,100.85,605.10
9/15/2022,Compra,SNAG11,2.00000,100.85,201.70
9/23/2022,Compra,VGIP11,1.00000,90.22,90.22
9/30/2022,Compra,SNAG11,1.00000,100.45,100.45
10/3/2022,Compra,MUTC34,3.00000,267.00,801.00
10/3/2022,Venda,S2NW34,49.00000,22.60,1107.40
10/3/2022,Compra,AIRB34,20.00000,27.85,557.00
10/4/2022,Compra,DISB34,15.00000,34.00,510.00
10/4/2022,Compra,VERZ34,15.00000,33.85,507.75
10/4/2022,Compra,HASH11,25.00000,18.10,452.50
10/4/2022,Venda,RECT11,15.00000,61.66,924.90
10/4/2022,Venda,HTMX11,14.00000,115.70,1619.80
10/4/2022,Compra,MCCI11,6.00000,97.00,582.00
10/4/2022,Compra,SNAG11,10.00000,100.45,1004.50
10/4/2022,Compra,BTLG11,6.00000,102.40,614.40
10/4/2022,Compra,HPQB34,10.00000,137.50,1375.00
10/4/2022,Compra,NFLX34,40.00000,24.60,984.00
10/14/2022,Compra,PETZ3,60.00000,9.17,550.20
10/14/2022,Compra,M1TA34,25.00000,24.31,607.75
10/18/2022,Compra,VIVT3,7.00000,39.55,276.85
10/20/2022,Venda,BERK34,10.00000,72.00,720.00
10/31/2022,Compra,M1TA34,30.00000,17.73,531.90
10/31/2022,Compra,AIRB34,15.00000,28.29,424.35
10/31/2022,Compra,MUTC34,2.00000,281.68,563.36
11/1/2022,Compra,TRXF11,4.00000,104.55,418.20
11/1/2022,Compra,AMZO34,25.00000,24.95,623.75
11/1/2022,Compra,MELI34,15.00000,39.15,587.25
11/7/2022,Compra,XPBR31,5.00000,95.30,476.50
11/11/2022,Venda,MUTC34,5.00000,335.00,1675.00
11/11/2022,Venda,NFLX34,133.00000,30.82,4099.06
11/14/2022,Venda,MDIA3,75.00000,39.25,2943.75
11/14/2022,Venda,BIEF39,10.00000,40.70,407.00
11/16/2022,Compra,MOVI3,99.00000,9.83,973.17
11/16/2022,Compra,ALSO3,35.00000,17.86,625.10
11/16/2022,Compra,BBAS3,20.00000,35.64,712.80
11/16/2022,Compra,MU,10.00000,60.37,603.70
11/16/2022,Compra,VNQ,11.00000,85.18,936.98
11/16/2022,Compra,EGIE3,25.00000,39.85,996.25
11/16/2022,Compra,ITSA4,70.00000,0.00,0.00
11/17/2022,Compra,TRXF11,2.00000,104.55,209.10
11/17/2022,Venda,HPQB34,10.00000,157.40,1574.00
11/23/2022,Compra,RECR11,10.00000,86.30,863.00
11/23/2022,Compra,VIVA3,20.00000,21.77,435.40
11/25/2022,Compra,VIVT3,13.00000,38.86,505.18
11/29/2022,Compra,HPQ,20.00000,29.02,580.40
11/30/2022,Compra,WFC,8.00000,46.32,370.56
12/5/2022,Compra,PETZ3,90.00000,6.86,617.40
12/5/2022,Compra,GOOG,2.00000,99.81,199.62
12/8/2022,Compra,MOVI3,99.00000,7.85,777.15
12/8/2022,Compra,CVCB3,99.00000,4.62,457.38
12/8/2022,Compra,VIVT3,20.00000,38.09,761.80
12/8/2022,Compra,TRXF11,5.00000,104.65,523.25
12/8/2022,Compra,PVBI11,10.00000,92.40,924.00
12/12/2022,Compra,WIZS3,99.00000,6.76,669.24
12/14/2022,Compra,TAEE11,20.00000,33.00,660.00
12/14/2022,Compra,BBAS3,20.00000,30.40,608.00
12/15/2022,Compra,GOOG,2.00000,92.08,184.16
12/16/2022,Compra,TRXF11,1.00000,102.03,102.03
12/20/2022,Compra,MCCI11,1.00000,85.65,85.65